Code;Type;Category;Color;Image;ENG;GER;ITA;JAP
;;;;;;;;
c001;Minieuro;Era x;Red;;Pay 2 Energy Points to Travel with your Champion to any region. The Champion cannot carry any other unit.;Zahle 2 Energiepunkte um Deinen Helden in eine beliebige Region zu bewegen. Der Held darf keine weiteren Einheiten transportieren.;Paga 2 Punti Energia per Viaggiare col tuo Campione verso una regione qualsiasi. Il Campione non può portare con sé nessun'altra unità. ;2エネルギーポイントを消費すると自分のチャンピオンを任意のリージョンに移動できます。他のユニットを一緒に連れていくことはできません。
c002;Minieuro;Era x;Red;;Pay 2 Energy Points to gain 2 Experience Points and Develop.;Zahle 2 Energiepunkte um 2 Erfahrungspunkte zu erhalten und zu Entwickeln.;Paga 2 Punti Energia per ottenere 2 Punti Esperienza e Sviluppare.;2エネルギーポイントを消費すると、2経験ポイントを取得して「コマンドカードを購入する」アクションが行えます。
c003;Minieuro;Era x;Red;;Pay 2 Energy Points to Act.;Zahle 2 Energiepunkte um Auszuführen.;Paga 2 Punti Energia per Agire. ;2エネルギーポイントを消費すると「コマンドカードを1枚プレイする」アクションが行えます。
c004;Minieuro;Era x;Red;;Pay 2 Energy Points to Start a Battle in any region with at least 1 Opponent and add 2 to your Strength total. Starting a Battle this way does not Discharge your Artefact.;Zahle 2 Energiepunkte um einen Kampf zu beginnen. Deine Stärke ist um 2 erhöht. Dein Artefakt wird hierbei nicht entladen.;Paga 2 Punti Energia per Iniziare una Battaglia in qualsiasi regione con almeno 1 Avversario e aggiungere 2 alla tua Forza totale. Iniziando una Battaglia in questo modo il tuo Artefatto non si Scarica.;2エネルギーポイントを消費すると、他プレイヤーのユニットが1個以上配置されているリージョンにて2バトルポイントの追加でバトルが開始できます。（自分のアーチファクトタイルを利用することにはなりません）
c005;Minieuro;Era x;Red;;Pay 2 Energy Points to Meditate.;Zahle 2 Energiepunkte um zu Meditieren.;Paga 2 Punti Energia per Meditare. ;2エネルギーポイントを消費すると「資源を得る」アクションが行えます。
c006;Minieuro;Era x;Yellow;;Pay 2 Energy Points to gain 3 Glory Points for each Forest region you control.;Zahle 2 Energiepunkte um 3 Ruhmespunkte für jede Waldregion zu erhalten, die Du kontrollierst.;Paga 2 Punti Energia per ottenere 3 Punti Gloria per ogni regione Foresta che controlli.;2エネルギーポイントを消費すると、自分が支配している森のリージョンごとに3グローリーポイントが取得できます。
c007;Minieuro;Era x;Yellow;;Pay 2 Energy Points to gain 3 Glory Points for each Land of Myst region you control.;Zahle 2 Energiepunkte um 3 Ruhmespunkte für jede Nebelregion zu erhalten, die Du kontrollierst.;Paga 2 Punti Energia per ottenere 3 Punti Gloria per ogni regione Terra Nebbiosa che controlli. ;2エネルギーポイントを消費すると、自分が支配しているミストランドのリージョンごとに3グローリーポイントが取得できます。
c008;Minieuro;Era x;Yellow;;Pay 2 Energy Points to gain 3 Glory Points for each River region you control.;Zahle 2 Energiepunkte um 3 Ruhmespunkte für jede Flussregion zu erhalten, die Du kontrollierst.;Paga 2 Punti Energia per ottenere 3 Punti Gloria per ogni regione Fiume che controlli. ;2エネルギーポイントを消費すると、自分が支配している河のリージョンごとに3グローリーポイントが取得できます。
c009;Minieuro;Era x;Yellow;;Pay 2 Energy Points to gain 3 Glory Points for each Crystal Field region you control.;Zahle 2 Energiepunkte um 3 Ruhmespunkte für jede Kristallregion zu erhalten, die Du kontrollierst.;Paga 2 Punti Energia per ottenere 3 Punti Gloria per ogni regione Campo di Cristallo che controlli. ;2エネルギーポイントを消費すると、自分が支配しているクリスタルフィールドのリージョンごとに3グローリーポイントが取得できます。
c010;Minieuro;Era x;Yellow;;Pay 2 Energy Points to gain 3 Glory Points for each Mountain region you control.;Zahle 2 Energiepunkte um 3 Ruhmespunkte für jede Gebirgsregion zu erhalten, die Du kontrollierst.;Paga 2 Punti Energia per ottenere 3 Punti Gloria per ogni regione Montagna che controlli. ;2エネルギーポイントを消費すると、自分が支配している山のリージョンごとに3グローリーポイントが取得できます。
c011;Minieuro;Era x;Green;;While this card is on your Player Board, once per turn you may discard 1 Tactic Card to Act.;Befindet sich diese Karte auf dem Spielertableau kannst Du einmal pro Zug 1 Taktikarte abwerfen um Auszuführen.;Mentre questa carta è sulla tua Plancia Giocatore, una volta per turno puoi scartare 1 Carta Tattica per Agire. ;このアイテムを装備中に、戦術のコマンドカードを1枚捨てると「コマンドカードを1枚プレイする」アクションが行えます。（手番ごとに1回のみ）
c012;Minieuro;Era x;Green;;While this card is on your Player Board, once per turn you may discard 1 Objective Card to Develop.;Befindet sich diese Karte auf dem Spielertableau kannst Du einmal pro Zug 1 Zielkarte abwerfen um zu Entwickeln.;Mentre questa carta è sulla tua Plancia Giocatore, una volta per turno puoi scartare 1 Carta Obiettivo per Sviluppare. ;このアイテムを装備中に、目的のコマンドカードを1枚捨てると「コマンドカードを購入する」アクションが行えます。（手番ごとに1回のみ）
c013;Minieuro;Era x;Green;;While this card is on your Player Board, once per turn you may discard 1 Accessory Card to Meditate.;Befindet sich diese Karte auf dem Spielertableau kannst Du einmal pro Zug 1 Zusatzkarte abwerfen um zu Meditieren.;Mentre questa carta è sulla tua Plancia Giocatore, una volta per turno puoi scartare 1 Carta Accessorio per Meditare. ;このアイテムを装備中に、アイテムのコマンドカードを1枚捨てると「資源を得る」アクションが行えます。（手番ごとに1回のみ）
c014;Minieuro;Era x;Green;;While this card is on your Player Board, once per turn you may discard 1 Upgrade Card to Recharge your Artefact and/or gain 4 Glory Points.;Befindet sich diese Karte auf dem Spielertableau kannst Du einmal pro Zug 1 Verbesserungskarte abwerfen um Dein Artefakt aufzuladen und/oder 4 Ruhmespunkte zu erhalten.;Mentre questa carta è sulla tua Plancia Giocatore, una volta per turno puoi scartare 1 Carta Miglioria per Ricaricare il tuo Artefatto e/o ottenere 4 Punti Gloria. ;このアイテムを装備中に、アップグレードのコマンドカードを1枚捨てると自分のアーチファクトタイルをチャージして4グローリーポイントが取得できます。（いずれかだけでもOK）（手番ごとに1回のみ）
c015;Minieuro;Era x;Green;;While this card is on your Player Board, once per turn you may discard any Command Card to gain X Command Points, where X is equal to the number of Command Points of the discarded card.;Befindet sich diese Karte auf dem Spielertableau kannst Du einmal pro Zug 1 Befehlskarte abwerfen um X Befehlspunkte zu erhalten. X ist die Anzahl der Befehlspunkte dieser Karte. ;Mentre questa carta è sulla tua Plancia Giocatore, una volta per turno puoi scartare qualsiasi Carta Comando per ottenere X Punti Comando, dove X è uguale al numero di Punti Comando sulla carta scartata. ;このアイテムを装備中に、自分の手札から任意のコマンドカードを捨札にするとXのコマンドポイントが取得できます。「X」は捨てたコマンドカード上のコマンドポイント数と同じです。（手番ごとに1回のみ）
c016;Minieuro;Era x;Blue;;Whenever you Deploy a Fortification, you gain 1 Glory Point and 1 Energy Point.;Befindet sich diese Karte auf dem Spielertableau erhältst Du beim Einsetzen einer Festung 1 Ruhmespunkt und 1 Energiepunkt.;Ogni volta che Schieri una Fortificazione, ottieni 1 Punto Gloria e 1 Punto Energia. ;このアップグレードを装備中に、自分がとりでを配置するたびに1グローリーポイントと1エネルギーポイントが取得できます。
c017;Minieuro;Era x;Blue;;While this card is on your Player Board, whenever you Construct a Troop, gain 1 Experience Point.;Befindet sich diese Karte auf dem Spielertableau erhältst Du beim Erschaffen eines Kämpfers 1 Erfahrungspunkt.;Mentre questa carta è sulla tua Plancia Giocatore, ogni volta che Costruisci una Truppa, ottieni 1 Punto Esperienza. ;このアップグレードを装備中に、部隊を1個採用するたびに1経験ポイントが取得できます。
c018;Minieuro;Era x;Blue;;While this card is on your Player Board, whenever you Construct a Golem, you may Deploy it at no cost.;Befindet sich diese Karte auf dem Spielertableau kannst Du erschaffene Golems kostenlos einsetzen.;Mentre questa carta è sulla tua Plancia Giocatore, ogni volta che Costruisci un Golem, puoi Schierarlo senza costi. ;このアップグレードを装備中に、ゴーレムを1個採用するたびにコスト無しですぐに配置することができます。
c019;Minieuro;Era x;Blue;;While this card is on your Player Board, add 2 Strength Points to your Champion.;Befindet sich diese Karte auf dem Spielertableau erhält Dein Held 2 zusätzliche Stärkepunkte.;Mentre questa carta è sulla tua Plancia Giocatore, aggiungi 2 Punti Forza al tuo Campione. ;このアップグレードを装備中に、自分のチャンピオンが＋2バトルポイントになります。
c020;Minieuro;Era x;Blue;;While this card is on your Player Board, whenever you play an Upgrade Card, you do not have to spend Energy Points to place it.;Befindet sich diese Karte auf dem Spielertableau kannst Du gespielte Verbesserungskarten ohne Energiepunkte platzieren.;Mentre questa carta è sulla tua Plancia Giocatore, ogni volta che giochi una Carta Miglioria, non devi spendere Punti Energia per posizionarla. ;このアップグレードを装備中に、アップグレードのコマンドカードをプレイするたびにエネルギーポイントを消費しなくても装備できます。
;;;;;;;;
c021;Minieuro;Era I;Red;;Pay 1 Energy Point to Recharge your Artefact.;Zahle 1 Energiepunkt um Dein Artefakt aufzuladen.;Paga 1 Punto Energia per Ricaricare il tuo Artefatto. ;1エネルギーポイントを消費すると自分のアーチファクトタイルをチャージできます。
c022;Minieuro;Era I;Red;;Pay 1 Energy Point to Travel with 1 Golem to any region. The Golem cannot carry any other unit.;Zahle 1 Energiepunkt um 1 Deiner Golems in eine beliebige Region zu bewegen. Der Golem darf keine Einheiten transportieren.;Paga 1 Punto Energia per Viaggiare con 1 Golem verso una regione qualsiasi. Il Golem non può portare con sé nessun'altra unità. ;1エネルギーポイントを消費すると、ゴーレムを1個任意のリージョンに移動できます。ゴーレムが他のユニットを一緒に連れていくことはできません。
c023;Minieuro;Era I;Red;;Pay 2 Energy Points to choose any region. Remove 1 Fortification from each Opponent in that region.;Zahle 2 Energiepunkte und wähle eine Region. Entferne eine Festung jedes Gegners aus dieser Region.;Paga 2 Punti Energia per scegliere una regione qualsiasi. Rimuovi 1 Fortificazione da ogni Avversario in quella regione. ;2エネルギーポイントを消費すると任意のリージョンを選び、そのリージョンから他の各プレイヤーのとりでを1個外すことができます。
c024;Minieuro;Era I;Red;;Pay 3 Energy Points to Construct 1 Troop and/or 1 Golem.;Zahle 3 Energiepunkte um 1 Kämpfer und/oder 1 Golem zu erschaffen.;Paga 3 Punti Energia per Costruire 1 Truppa e/o 1 Golem. ;3エネルギーポイントを消費すると部隊1個とゴーレム1個の採用ができます。どちらかだけを採用しても問題ありません。
c025;Minieuro;Era I;Red;;Pay 3 Energy Points to Deploy 1 Troop and/or 1 Golem.;Zahle 3 Energiepunkte um 1 Kämpfer und/oder 1 Golem einzusetzen.;Paga 3 Punti Energia per Schierare 1 Truppa e/o 1 Golem. ;3エネルギーポイントを消費すると部隊1個とゴーレム1個を配置することができます。どちらかだけを配置しても問題ありません。
c026;Minieuro;Era I;Yellow;;Pay 1 Energy Point to gain 3 Glory Points.;Zahle 1 Energiepunkt um 3 Ruhmespunkte zu erhalten.;Paga 1 Punto Energia per ottenere 3 Punti Gloria. ;1エネルギーポイントを消費すると3グローリーポイントが取得できます。
c027;Minieuro;Era I;Yellow;;Pay 1 Energy Point and remove from the game 1 Tactic Card from your hand to gain X Command Points and X Experience Points, where X is equal to the number of Command Points of the removed card.;Zahle 1 Energiepunkt und entferne 1 Taktikkarte aus deiner Hand aus dem Spiel, um X Befehls- und X Erfahrungspunkte zu erhalten. X ist die Anzahl der Befehlspunkte der entfernten Karte. ;Paga 1 Punto Energia e rimuovi dal gioco 1 Carta Tattica dalla tua mano per ottenere X Punti Comando e X Punti Esperienza, dove X è uguale al numero di Punti Comando sulla carta rimossa. ;1エネルギーポイントを消費して自分の手札から戦術のコマンドカードを1枚ゲーム削除すると、ⅩコマンドポイントとⅩ経験ポイントが取得できます。「Ⅹ」は削除した戦術のコマンドカード上のコマンドポイント数と同じです。
c028;Minieuro;Era I;Yellow;;Pay 2 Energy Points to gain 2 Glory Points for each of your Fortifications currently deployed.;Zahle 2 Energiepunkte um 2 Ruhmespunkte für jede Deiner Festungen auf dem Spielplan zu erhalten.;Paga 2 Punti Energia per ottenere 2 Punti Gloria per ognuna della tue Fortificazioni attualmente schierate.;2エネルギーポイントを消費すると現在配置されている自分のとりでごとに2グローリーポイントが取得できます。
c029;Minieuro;Era I;Yellow;;Pay 3 Energy Points to gain 1 Glory Point and 1 Energy Point for each of your Golems currently deployed.;Zahle 3 Energiepunkte um 1 Ruhmespunkt und 1 Energiepunkt für jeden Deiner Golems auf dem Spielplan zu erhalten.;Paga 3 Punti Energia per ottenere 1 Punto Gloria e 1 Punto Energia per ognuno dei tuoi Golem attualmente schierati. ;3エネルギーポイントを消費すると、現在配置されている自分のゴーレムごとに1グローリーポイントと1エネルギーポイントが取得できます。
c030;Minieuro;Era I;Yellow;;Pay 3 Energy Points to gain 3 Glory Points for each Encounter you faced.;Zahle 3 Energiepunkte um 3 Ruhmespunkte für jede Begegnung zu erhalten, die Du hattest.;Paga 3 Punti Energia per ottenere 3 Punti Gloria per ogni Incontro che hai affrontato. ;3エネルギーポイントを消費すると、今まで行ったエンカウンターごとに3グローリーポイントが取得できます。
c031;Minieuro;Era I;Green;;While this card is on your Player Board, once per turn you may pay 1 Energy Point to gain 2 Energy Points.;Befindet sich diese Karte auf dem Spielertableau kannst Du einmal pro Zug 1 Energiepunkt bezahlen um 2 Energiepunkte zu erhalten.;Mentre questa carta è sulla tua Plancia Giocatore, una volta per turno puoi pagare 1 Punto Energia per ottenere 2 Punti Energia. ;このアイテムを装備中に、1エネルギーポイントを消費すると2エネルギーポイントが取得できます。（手番ごとに1回のみ）
c032;Minieuro;Era I;Green;;While this card is on your Player Board, once per turn you may pay 1 Energy Point to Travel with your Champion to any region. The Champion cannot carry any other unit.;Befindet sich diese Karte auf dem Spielertableau kannst Du einmal pro Zug 1 Energiepunkt bezahlen um Deinen Helden in eine beliebige Region zu bewegen. Dein Held darf keine Einheiten transportieren.;Mentre questa carta è sulla tua Plancia Giocatore, una volta per turno puoi pagare 1 Punto Energia per Viaggiare col tuo Campione verso una regione qualsiasi. Il Campione non può portare con sé altre unità. ;このアイテムを装備中に、1エネルギーポイントを消費すると、自分のチャンピオンを任意のリージョンに移動できます。チャンピオンが他のユニットを連れていくことはできません。（手番ごとに1回のみ）
c033;Minieuro;Era I;Green;;While this card is on your Player Board, once per turn you may pay 1 Experience Point to gain 2 Glory Points.;Befindet sich diese Karte auf dem Spielertableau kannst Du einmal pro Zug 1  Erfahrungspunkt bezahlen um 2 Ruhmespunkte zu erhalten.;Mentre questa carta è sulla tua Plancia Giocatore, una volta per turno puoi pagare 1 Punto Esperienza per ottenere 2 Punti Gloria. ;このアイテムを装備中に、1経験ポイントを消費すると2グローリーポイントが取得できます。（手番ごとに1回のみ）
c034;Minieuro;Era I;Green;;While this card is on your Player Board, once per turn you may pay 1 Energy Point to Construct 1 Troop or Travel with 1 Troop.;Befindet sich diese Karte auf dem Spielertableau kannst Du einmal pro Zug 1 Energiepunkt bezahlen um 1 Kämpfer zu erschaffen oder zu bewegen.;Mentre questa carta è sulla tua Plancia Giocatore, una volta per turno puoi pagare 1 Punto Energia per Costruire 1 Truppa o Viaggiare con 1 Truppa. ;このアイテムを装備中に、1エネルギーポイントを消費すると部隊1個の採用か移動ができます。（手番ごとに1回のみ）
c035;Minieuro;Era I;Green;;While this card is on your Player Board, once per turn you may pay 1 Energy Point to Construct 1 Golem or Travel with 1 Golem.;Befindet sich diese Karte auf dem Spielertableau kannst Du  einmal pro Zug 1 Energiepunkt bezahlen um 1 Golem zu erschaffen oder zu bewegen.;Mentre questa carta è sulla tua Plancia Giocatore, una volta per turno puoi pagare 1 Punto Energia per Costruire 1 Golem o Viaggiare con 1 Golem. ;このアイテムを装備中に、1エネルギーポイントを消費するとゴーレム1個の採用か移動ができます。（手番ごとに1回のみ）
c036;Minieuro;Era I;Blue;;While this card is on your Player Board, whenever you Deploy a Fortification, you may gain 1 Experience Point.;Befindet sich diese Karte auf dem Spielertableau erhältst Du beim Einsetzen einer Festung 1 Erfahrungspunkt.;Mentre questa carta è sulla tua Plancia Giocatore, ogni volta che Schieri una Fortificazione, puoi ottenere 1 Punto Esperienza.  ;このアップグレードを装備中に、とりでを1個配置するたびに1経験ポインが取得できます。
c037;Minieuro;Era I;Blue;;While this card is on your Player Board, whenever you Deploy a Golem, you may gain 3 Glory Points.;Befindet sich diese Karte auf dem Spielertableau erhältst Du beim Einsetzen eines Golems 3 Ruhmespunkte.;Mentre questa carta è sulla tua Plancia Giocatore, ogni volta che Schieri un Golem, puoi ottenere 3 Punti Gloria. ;このアップグレードを装備中に、ゴーレムを1個配置するたびに3グローリーポイントが取得できます。
c038;Minieuro;Era I;Blue;;While this card is on your Player Board, whenever your Champion Travels, they may carry one of your units from the same region that has not yet traveled this turn. If your Champion Travels several times, they can carry a different unit each time.;Befindet sich diese Karte auf dem Spielertableau kann Dein Held bei Bewegung eine Einheit transportieren, die sich noch nicht bewegt hat. Falls er sich mehrfach bewegt, darf er jedes Mal eine andere Einheit transportieren.;Mentre questa carta è sulla tua Plancia Giocatore, ogni volta che il tuo Campione Viaggia, può portare con sé una delle tue unità della stessa regione che non abbia viaggiato in questo turno. Se il tuo Campione Viaggia più volte, può portare con sé un'unità diversa ogni volta. ;このアップグレードを装備中に、自分のチャンピオンが移動するたびに現在の手番中にまだ移動していない他のユニットを1個一緒に連れていくことができます。このユニットはチャンピオンと同じ移動元のリージョンに配置されている必要があります。チャンピオンが何回か移動する場合は毎回別のユニットを連れていくこともできます。
c039;Minieuro;Era I;Blue;;While this card is on your Player Board, whenever you Construct a Troop, you may Deploy it at no cost.;Befindet sich diese Karte auf dem Spielertableau kannst Du erschaffene Kämpfer kostenlos einsetzen.;Mentre questa carta è sulla tua Plancia Giocatore,ogni volta che Costruisci una Truppa, puoi Schierarla senza costi.  ;このアップグレードを装備中に、部隊を1個採用するたびにコスト無しですぐに配置することができます。
c040;Minieuro;Era I;Blue;;While this card is on your Player Board, whenever you play an Accessory Card, you do not have to spend Energy Points to place it.;Befindet sich diese Karte auf dem Spielertableau kannst Du gespielte Zusatzkarten ohne Energiepunkte platzieren.;Mentre questa carta è sulla tua Plancia Giocatore, ogni volta che giochi una Carta Accessorio, non devi spendere Punti Energia per posizionarla. ;このアップグレードを装備中に、アイテムのコマンドカードをプレイするたびにエネルギーポイントを消費しなくても装備できます。
;;;;;;;;
c041;Minieuro;Era II;Red;;Pay 1 Energy Point to draw up to 2 cards from the top of the Era Deck of the current Era at no cost.;Zahle 1 Energiepunkt um kostenlos bis zu 2 Karten vom aktuellen Ärastapel zu ziehen.;Paga 1 Punto Energia per pescare le prime 2 carte dal Mazzo Era dell'Era attuale senza costi.;1エネルギーポイントを消費すると現在のコマンドデッキからコマンドカードを2枚まで引いてコスト無しで自分の手札に追加できます。
c042;Minieuro;Era II;Red;;Pay 2 Energy Points to Travel with up to 2 Troops to any region. Chosen units cannot carry any other unit but they can Travel to two different regions, independently.;Zahle 2 Energiepunkte um bis zu 2 Kämpfer in beliebige Regionen zu bewegen. Die Kämpfer können dabei keine weiteren Einheiten transportieren.;Paga 2 Punti Energia per Viaggiare con fino a 2 Truppe verso una regione qualsiasi. Le unità scelte non possono portare con loro altre unità, ma possono Viaggiare verso due diverse regioni, indipendentemente.;2エネルギーポイントを消費すると部隊を2個まで任意のリージョンに移動できます。他のユニットを一緒に連れていくことはできません。2個の部隊をそれぞれ別のリージョンに移動することも可能です。
c043;Minieuro;Era II;Red;;Pay 3 Energy Points to Start a Battle in any region with at least one Opponent and add 3 to your Strength total. Starting a Battle this way does not Discharge your Artefact.;Zahle 3 Energiepunkte um einen Kampf in einer Region mit mindestens einem Gegner zu starten. Deine Stärke ist um 3 erhöht. Dein Artefakt wird hierbei nicht entladen.;Paga 3 Punti Energia per Iniziare una Battaglia in una qualsiasi regione con almeno un Avversario e aggiungere 3 alla tua Forza totale. Iniziando una Battaglia in questo modo non Scarichi il tuo Artefatto. ;3エネルギーポイントを消費すると、1人以上の他プレイヤーのユニットが配置されている任意のリージョンで＋3バトルポイントでバトルを開始できます。自分のアーチファクトタイルを利用することにはなりません。
c044;Minieuro;Era II;Red;;Pay 3 Energy Points to choose any region. Remove 1 Troop from each Opponent in that region.;Zahle 3 Energiepunkte und wähle eine Region. Entferne 1 Kämpfer jedes Gegners aus dieser Region.;Paga 3 Punti Energia per scegliere qualsiasi regione. Rimuovi 1 Truppa da ogni Avversario in quella regione.  ;3エネルギーポイントを消費すると1つのリージョンを選び、そのリージョンから他の各プレイヤーの部隊を1個外すことができます。
c045;Minieuro;Era II;Red;;Pay 4 Energy Points to choose any region where you are present. Travel with all your units (except Fortifications) from that region to any other region. Units that have already traveled this turn cannot Travel again.;Zahle 4 Energiepunkte und wähle eine Region, in der sich mind. eine eigene Einheit befindet. Alle Einheiten (außer Festungen) in dieser Region dürfen sich gemeinsam in eine andere Region bewegen, falls sie noch nicht bewegt wurden.;Paga 4 Punti Energia per scegliere una qualsiasi regione dove tu sia presente. Viaggia con tutte le tue unità (eccetto le Fortificazioni) da quella regione verso qualsiasi altra regione. Le unità che hanno già viaggiato in questo turno non possono Viaggiare ancora.;4エネルギーポイントを消費すると自分のユニットが配置されている任意のリージョンを選び、そのリージョンに配置されている自分のユニットを全て（とりでを除き）任意のリージョンに移動できます。現在の手番中に既に移動したユニットは対象外です。
c046;Minieuro;Era II;Yellow;;Pay 1 Energy Point and remove from the game 1 Objective Card from your hand to gain X Glory Points and X Command Points, where X is equal to the number of Command Points of the removed card.;Zahle 1 Energiepunkt und entferne 1 Zielkarte von deiner Hand aus dem Spiel, um X Ruhmespunkte und X Befehlspunkte zu erhalten. X ist die Anzahl der Befehlspunkte der entfernten Karte. ;Paga 1 Punto Energia e rimuovi dal gioco 1 Carta Obiettivo dalla tua mano per ottenere X Punti Gloria e X Punti Comando, dove X è uguale al numero di Punti Comando sulla carta rimossa. ;1エネルギーポイントを消費して自分の手札から目的のコマンドカードを1枚ゲームから削除する、ⅩのグローリーポイントとⅩのコマンドポイントが取得できます。「Ⅹ」は削除した目的のコマンドカード上のコマンドポイント数と同じです。
c047;Minieuro;Era II;Yellow;;Pay 2 Energy Points to gain 5 Glory Points.;Zahle 2 Energiepunkte um 5 Ruhmespunkte zu erhalten.;Paga 2 Punti Energia per ottenere 5 Punti Gloria. ;2エネルギーポイントを消費すると5グローリーポイントが取得できます。
c048;Minieuro;Era II;Yellow;;Pay 3 Energy Points to gain 7 Glory Points.;Zahle 3 Energiepunkte um 7 Ruhmespunkte zu erhalten.;Paga 3 Punti Energia per ottenere 7 Punti Gloria. ;3エネルギーポイントを消費すると7グローリーポイントが取得できます。
c049;Minieuro;Era II;Yellow;;Pay 3 Energy Points to gain 1 Glory Point for each of your Troops currently deployed.;Zahle 3 Energiepunkte um 1 Ruhmespunkt für jeden Deiner Kämpfer auf dem Spielplan zu erhalten.;Paga 3 Punti Energia per ottenere 1 Punto Gloria per ognuna delle tue Truppe attualmente schierate. ;3エネルギーポイントを消費すると、現在配置されている自分の部隊ごとに1グローリーポイントが取得できます。
c050;Minieuro;Era II;Yellow;;Pay 4 Energy Points to Recharge your Artefact and/or Meditate.;Zahle 4 Energiepunkte um Dein Artefakt aufzuladen und/oder zu Meditieren.;Paga 4 Punti Energia per Ricaricare il tuo Artefatto e/o Meditare.;4エネルギーポイントを消費すると自分のアーチファクトタイルをチャージして「資源を得る」アクションが行えます。どちらかだけでも問題ありません。
c051;Minieuro;Era II;Green;;While this card is on your Player Board, once per turn you may pay 1 Energy Point to gain 1 Experience Point and 1 Glory Point.;Befindet sich diese Karte auf dem Spielertableau kannst Du einmal pro Zug 1 Energiepunkt bezahlen um 1 Erfahrungs- und 1 Ruhmespunkt zu erhalten.;Mentre questa carta è sulla tua Plancia Giocatore, una volta per turno puoi pagare 1 Punto Energia per ottenere 1 Punto Esperienza e 1 Punto Gloria.;このアイテムを装備中に、1エネルギーポイントを消費すると1経験ポイントと1グローリーポイントが取得できます。（手番ごとに1回のみ）
c052;Minieuro;Era II;Green;;While this card is on your Player Board, once per turn you may pay 1 Energy Point to Construct or Deploy 1 Golem.;Befindet sich diese Karte auf dem Spielertableau kannst Du einmal pro Zug 1 Energiepunkt bezahlen um 1 Golem zu erschaffen oder einzusetzen.;Mentre questa carta è sulla tua Plancia Giocatore, una volta per turno puoi pagare 1 Punto Energia per Costruire o Schierare 1 Golem.;このアイテムを装備中に、1エネルギーポイントを消費するとゴーレム1個の採用か配置ができます。（手番ごとに1回のみ）
c053;Minieuro;Era II;Green;;While this card is on your Player Board, once per turn you may pay 1 Energy Point to Construct or Deploy 1 Troop.;Befindet sich diese Karte auf dem Spielertableau kannst Du einmal pro Zug 1 Energiepunkt bezahlen um 1 Kämpfer zu erschaffen oder einzusetzen.;Mentre questa carta è sulla tua Plancia Giocatore, una volta per turno puoi pagare 1 Punto Energia per Costruire o Schierare 1 Truppa.;このアイテムを装備中に、1エネルギーポイントを消費すると部隊1個の採用か配置ができます。（手番ごとに1回のみ）
c054;Minieuro;Era II;Green;;While this card is on your Player Board, once per turn you may pay 1 Experience Point to gain 4 Glory Points.;Befindet sich diese Karte auf dem Spielertableau kannst Du einmal pro Zug 1 Erfahrungspunkt bezahlen um 4 Ruhmespunkte zu erhalten.;Mentre questa carta è sulla tua Plancia Giocatore, una volta per turno puoi pagare 1 Punto Esperienza per ottenere 4 Punti Gloria.;このアイテムを装備中に、1経験ポイントを消費すると4グローリーポイントが取得できます。（手番ごとに1回のみ）
c055;Minieuro;Era II;Green;;While this card is on your Player Board, once per turn you may pay 1 Energy Point to Deploy 1 Fortification.;Befindet sich diese Karte auf dem Spielertableau kannst Du einmal pro Zug 1 Energiepunkt bezahlen um 1 Festung einzusetzen.;Mentre questa carta è sulla tua Plancia Giocatore, una volta per turno puoi pagare 1 Punto Energia per Schierare 1 Fortificazione.;このアイテムを装備中に、1エネルギーポイントを消費するととりでを1個配置することができます。（手番ごとに1回のみ）
c056;Minieuro;Era II;Blu;;While this card is on your Player Board, whenever you Face an Encounter, you may gain 3 Energy Points.;Befindet sich diese Karte auf dem Spielertableau erhältst Du 3 Energiepunkte wenn Du eine Begegnung hast.;Mentre questa carta è sulla tua Plancia Giocatore, ogni volta che Affronti un Incontro puoi ottenere 3 Punti Energia.;このアップグレードを装備中に、エンカウンターを行うたびに3グローリーポイントが取得できます。
c057;Minieuro;Era II;Blue;;While this card is on your Player Board, whenever you play a Tactic Card, you do not have to pay its Energy cost.;Befindet sich diese Karte auf dem Spielertableau musst Du beim Spielen einer Taktikkarte keine Energiepunkte bezahlen.;Mentre questa carta è sulla tua Plancia Giocatore, ogni volta che giochi una Carta Tattica, non devi pagare i suoi costi di Energia.;このアップグレードを装備中に、戦術のコマンドカードをプレイするたびにそのカードのエネルギーコストを払う必要はありません。
c058;Minieuro;Era II;Blue;;While this card is on your Player Board, add 1 Strength Point to each of your Golems.;Befindet sich diese Karte auf dem Spielertableau erhalten Deine Golems einen zusätzlichen Stärkepunkt.;Mentre questa carta è sulla tua Plancia Giocatore, aggiungi 1 Punto Forza a ognuno dei tuoi Golem.;このアップグレードを装備中に、自分のゴーレムが全て＋1バトルポイントになります。
c059;Minieuro;Era II;Blue;;While this card is on your Player Board, whenever one of your Troops Travels, it may carry one of your other units that has not yet traveled this turn. The carried unit must start in the same region as your Troop.;Befindet sich diese Karte auf dem Spielertableau dürfen Deine Kämpfer bei Bewegung eine Einheit transportieren, die sich noch nicht bewegt hat. Beide müssen in der selben Region starten.;Mentre questa carta è sulla tua Plancia Giocatore, ogni volta che una delle tue Truppe Viaggia, può portare con sé una delle tue altre unità che non abbia viaggiato in questo turno. Le unità che porta con sé devono iniziare nella stessa regione della tua Truppa.;このアップグレードを装備中に、自分の部隊を1個移動するたびに現在の手番中にまだ移動していないもう1個のユニットを一緒に連れていくことができます。このユニットの移動元が同じである必要があります。
c060;Minieuro;Era II;Blue;;While this card is on your Player Board, add 1 Strength to each of your Fortifications.;Befindet sich diese Karte auf dem Spielertableau erhalten Deine Festungen einen zusätzlichen Stärkepunkt.;Mentre questa carta è sulla tua Plancia Giocatore, aggiungi 1 Punto Forza a ognuna delle tue Fortificazioni.;このアップグレードを装備中に、自分のとりでが全て＋1バトルポイントになります。
;;;;;;;;
c061;Minieuro;Era III;Red;;Pay 1 Energy Point to gain 12 Energy Points.;Zahle 1 Energiepunkt um 12 Energiepunkte zu erhalten.;Paga 1 Punto Energia per ottenere 12 Punti Energia.;1エネルギーポイントを消費すると12エネルギーポイントが取得できます。
c062;Minieuro;Era III;Red;;Pay 2 Energy Points to choose any region. Remove 1 Golem from each Opponent in that region.;Zahle 2 Energiepunkte und wähle eine Region. Entferne einen Golem jedes Gegners aus dieser Region.;Paga 2 Punti Energia per scegliere una regione qualsiasi. Rimuovi 1 Golem da ogni Avversario in quella regione.;2エネルギーポイントを消費すると1つのリージョンを選び、そのリージョンから他の各プレイヤーのゴーレムを1個外すことができます。
c063;Minieuro;Era III;Red;;Pay 3 Energy Points to choose a Monster whose card has already been placed on the Events Board during this Era. The Monster attacks immediately.;Zahle 3 Energiepunkte und wähle ein Monster, dessen Karte in dieser Ära auf den Ereignisbereich gelegt wurde. Das Monster greift sofort an.;Paga 3 Punti Energia per scegliere un Mostro la cui carta sia già stata posizionata sulla Plancia Eventi durante questa Era. Il Mostro attacca immediatamente.;3エネルギーポイントを3つ消費すると、現在の時代において該当のモンスターカードが既にイベントパスに出ているモンスターを選び、そのモンスターがすぐに攻撃を行います。
c064;Minieuro;Era III;Red;;Pay 4 Energy Points to choose any region. Wound all Opponents’ Champions in that region.;Zahle 4 Energiepunkte und wähle eine Region. Alle gegnerischen Helden in dieser Region werden verwundet.;Paga 4 Punti Energia per scegliere una regione qualsiasi. Ferisci tutti i Campioni degli Avversari in quella regione.;4エネルギーポイントを消費すると1つのリージョンを選び、そのリージョンに配置されている他の各プレイヤーのチャンピオンを負傷状態にすることができます。
c065;Minieuro;Era III;Red;;Pay 5 Energy Points to Start a Battle in any region with at least 1 Opponent and add 5 to your Strength total. Starting a Battle this way does not Discharge your Artefact.;Zahle 5 Energiepunkte um einen Kampf in einer Region zu beginnen. Deine Stärke ist um 5 erhöht. Dein Artefakt wird hierbei nicht entladen.;Paga 5 Punti Energia per Iniziare una Battaglia in una qualsiasi regione con almeno 1 Avversario e aggiungere 5 alla tua Forza totale. Iniziando una Battaglia in questo modo non Scarichi il tuo Artefatto.;5エネルギーポイントを消費すると、1人以上の他プレイヤーのユニットが配置されている任意のリージョンで＋5バトルポイントでバトルを開始できます。自分のアーチファクトタイルを利用することにはなりません。
c066;Minieuro;Era III;Yellow;;Pay 1 Energy Point and remove from the game 1 Accessory Card from your hand to gain X Energy Points and X Glory Points, where X is equal to the number of Command Points of the removed card.;Zahle 1 Energiepunkt und entferne 1 Zusatzkarte von Deiner Hand aus dem Spiel, um X Energiepunkte und X Ruhmespunkte zu erhalten. X ist die Anzahl der Befehlspunkte der entfernten Karte. ;Paga 1 Punto Energia e rimuovi dal gioco 1 Carta Accessorio dalla tua mano per ottenere X Punti Energia e X Punti Gloria, dove X è uguale al numero di Punti Comando sulla carta rimossa.;1エネルギーポイントを消費して自分の手札からアイテムのコマンドカードを1枚ゲームから削除すると、ⅩのグローリーポイントとⅩのエネルギーポイントが取得できます。「Ⅹ」は削除したアイテムのコマンドカード上のコマンドポイント数と同じです。
c067;Minieuro;Era III;Yellow;;Pay 2 Energy Points and remove from the game 1 Upgrade Card from your hand to gain X Glory Points and X Experience Points, where X is equal to the number of Command Points of the removed card.;Zahle 2 Energiepunkte und entferne 1 Verbesserungskarte von Deiner Hand aus dem Spiel, um X Ruhmespunkte und X Erfahrungspunkte zu erhalten. X ist die Anzahl der Befehlspunkte der entfernten Karte. ;Paga 2 Punti Energia e rimuovi dal gioco 1 Carta Miglioria dalla tua mano per ottenere X Punti Gloria e X Punti Esperienza, dove X è uguale al numero di Punti Comando sulla carta rimossa.;2エネルギーポイントを消費して自分の手札からアップグレードのコマンドカードを1枚ゲームから削除すると、ⅩのグローリーポイントとⅩの経験ポイントが取得できます。「Ⅹ」は削除したアップグレードのコマンドカード上のコマンドポイント数と同じです。
c068;Minieuro;Era III;Yellow;;Pay 3 Energy points to Recharge your Artefact and gain 4 Glory Points.;Zahle 3 Energiepunkte um Dein Artefakt aufzuladen und 4 Ruhmespunkte zu erhalten.;Paga 3 Punti Energia per Ricaricare il tuo Artefatto e ottenere 4 Punti Gloria.;3エネルギーポイントを消費すると自分のアーチファクトタイルをチャージして4グローリーポイントが取得できます。
c069;Minieuro;Era III;Yellow;;Pay 4 Energy Points to gain 9 Glory Points.;Zahle 4 Energiepunkte um 9 Ruhmespunkte zu erhalten.;Paga 4 Punti Energia per ottenere 9 Punti Gloria.;4エネルギーポイントを消費すると9グローリーポイントが取得できます。
c070;Minieuro;Era III;Yellow;;Pay 5 Energy Points and remove from the game 1 Tactic Card, 1 Objective Card, 1 Accessory Card, and 1 Upgrade Card from your hand to gain 16 Glory Points.;Zahle 5 Energiepunkte und entferne jeweils 1 Taktikkarte, 1 Zielkarte, 1 Zusatzkarte und 1 Verbesserungskarte von Deiner Hand aus dem Spiel um 16 Ruhmespunkte zu erhalten.;Paga 5 Punti Energia e rimuovi dal gioco 1 Carta Tattica, 1 Carta Obiettivo, 1 Carta Accessorio e 1 Carta Miglioria dalla tua mano per ottenere 16 Punti Gloria.;5エネルギーポイントを消費して自分の手札から戦術、目的、アイテムとアップグレードのコマンドカードをゲームから1枚ずつ削除すると16グローリーポイントが取得できます。
c071;Minieuro;Era III;Green;;While this card is on your Player Board, once per turn you may remove from the game 2 Accessory Cards from your hand to choose a Monster whose card has already been placed on the Events Board during this Era. The Monster attacks immediately.;Befindet sich diese Karte auf dem Spielertableau kannst Du einmal pro Zug 2 Zusatzkarten von Deiner Hand aus dem Spiel entfernen um ein Monster zu wählen, dessen Karte in dieser Ära auf den Ereignisbereich gelegt wurde. Das Monster greift sofort an.;Mentre questa carta è sulla tua Plancia Giocatore, una volta per turno puoi rimuovere dal gioco 2 Carte Accessorio dalla tua mano per scegliere un Mostro la cui carta sia già stata posizionata sulla Plancia Eventi durante questa Era. Il Mostro attacca immediatamente.;このアイテムを装備中に、自分の手札から2枚のアイテムのコマンドカードをゲームから削除すると、現在の時代において該当のモンスターカードが既にイベントパスに出ているモンスターを選び、そのモンスターがすぐに攻撃を行います。（手番ごとに1回のみ）
c072;Minieuro;Era III;Green;;While this card is on your Player Board, once per turn you may pay 1 Energy Point to Deploy 1 Golem or Travel with 1 Golem.;Befindet sich diese Karte auf dem Spielertableau kannst Du einmal pro Zug 1 Energiepunkt bezahlen um 1 Golem einzusetzen oder zu bewegen.;Mentre questa carta è sulla tua Plancia Giocatore, una volta per turno puoi pagare 1 Punto Energia per Schierare 1 Golem o Viaggiare con 1 Golem.;このアイテムを装備中に、1エネルギーポイントを消費するとゴーレム1個の配置か移動ができます。（手番ごとに1回のみ）
c073;Minieuro;Era III;Green;;While this card is on your Player Board, once per turn you may pay 1 Energy Point to Deploy 1 Troop or Travel with 1 Troop.;Befindet sich diese Karte auf dem Spielertableau kannst Du einmal pro Zug 1 Energiepunkt bezahlen um 1 Kämpfer einzusetzen oder zu bewegen.;Mentre questa carta è sulla tua Plancia Giocatore, una volta per turno puoi pagare 1 Punto Energia per Schierare 1 Truppa o Viaggiare con 1 Truppa.;このアイテムを装備中に、1エネルギーポイントを消費すると部隊1個の配置か移動ができます。（手番ごとに1回のみ）
c074;Minieuro;Era III;Green;;While this card is on your Player Board, once per turn you may pay 1 Experience Point to gain 6 Glory Points.;Befindet sich diese Karte auf dem Spielertableau kannst Du einmal pro Zug 1 Erfahrungspunkt bezahlen um 6 Ruhmespunkte zu erhalten.;Mentre questa carta è sulla tua Plancia Giocatore, una volta per turno puoi pagare 1 Punto Esperienza per ottenere 6 Punti Gloria.;このアイテムを装備中に、1経験ポイントを消費すると6グローリーポイントが取得できます。（手番ごとに1回のみ）
c075;Minieuro;Era III;Green;;While this card is on your Player Board, once per turn you may remove from the game any card from your hand to gain X Glory Points twice, where X is equal to the number of Command Points of the removed card.;Befindet sich diese Karte auf dem Spielertableau kannst Du einmal pro Zug 1 Karte von Deiner Hand aus dem Spiel entfernen um die doppelte Menge ihrer Kommandopunkte als Ruhmespunkte zu erhalten.;Mentre questa carta è sulla tua Plancia Giocatore, una volta per turno puoi rimuovere dal gioco una carta dalla tua mano per ottenere X Punti Gloria due volte, dove X è uguale al numero di Punti Comando sulla carta rimossa.;このアイテムを装備中に、自分の手札から任意のコマンドカードを1枚ゲームから削除するとⅩグローリーポイントが2回取得できます。「Ⅹ」は削除したコマンドカード上のコマンドポイント数と同じです。（手番ごとに1回のみ）
c076;Minieuro;Era III;Blue;;While this card is on your Player Board, add 3 Strength Points to your Champion.;Befindet sich diese Karte auf dem Spielertableau erhält Dein Held 3 zusätzliche Stärkepunkte.;Mentre questa carta è sulla tua Plancia Giocatore, aggiungi 3 Punti Forza al tuo Campione.;このアップグレードを装備中に、自分のチャンピオンが＋3バトルポイントになります。
c077;Minieuro;Era III;Blue;;While this card is on your Player Board, whenever one of your Golems Travels, it may carry one of your other units that has not yet traveled this turn. The carried unit must start in the same region as your Golem.;Befindet sich diese Karte auf dem Spielertableau dürfen Deine Golems bei Bewegung eine Einheit transportieren, die sich noch nicht bewegt hat. Beide müssen in der selben Region starten.;Mentre questa carta è sulla tua Plancia Giocatore, ogni volta che uno dei tuoi Golem Viaggia, può portare con sé una delle tue altre unità che non abbia già viaggiato in questo turno. L’unità che porta con sé deve iniziare nella stessa regione del tuo Golem.;このアップグレードを装備中に、自分のゴーレムを1個移動するたびに現在の手番中にまだ移動していないもう1個のユニットを一緒に連れていくことができます。このユニットの移動元が同じである必要があります。
c078;Minieuro;Era III;Blue;;While this card is on your Player Board, whenever you play an Objective Card, you do not have to pay its Energy cost.;Befindet sich diese Karte auf dem Spielertableau musst Du beim Spielen einer Zielkarte keine Energiepunkte bezahlen.;Mentre questa carta è sulla tua Plancia Giocatore, ogni volta che giochi una Carta Obiettivo non devi pagare i suoi costi di Energia.;このアップグレードを装備中に、目的のコマンドカードをプレイするたびにそのカードのエネルギーコストを払う必要はありません。
c079;Minieuro;Era III;Blue;;While this card is on your Player Board, whenever you Deploy a Fortification, gain 4 Glory Points.;Befindet sich diese Karte auf dem Spielertableau erhältst Du beim Einsetzen einer Festung 4 Ruhmespunkte.;Mentre questa carta è sulla tua Plancia Giocatore, ogni volta che Schieri una Fortificazione ottieni 4 Punti Gloria.;このアップグレードを装備中に、とりでを1個配置するたびに4グローリーポイントが取得できます。
c080;Minieuro;Era III;Blue;;While this card is on your Player Board, add 1 Strength Point to each of your Troops.;Befindet sich diese Karte auf dem Spielertableau erhält jeder Deiner Kämpfer 1 zusätzlichen Stärkepunkt.;Mentre questa carta è sulla tua Plancia Giocatore, aggiungi 1 Punto Forza a ognuna delle tue Truppe.;このアップグレードを装備中に、自分の部隊が全て＋1バトルポイントになります。
;;;;;;;;
;;;;;;;;
;;;;;;;;
h01;Poker;Hero;Gray;;Anuth: When you Start a Battle in the region where Anuth is, or if Anuth is on an Island attacked by a Monster, he receives 2 additional Strength Points until the end of the Battle or the end of the Monster’s attack.;Anuth: Wenn Du einen Kampf in der Region beginnst, in der sich Anuth befindet oder er sich auf einer Insel befindet, die von einem Monster angegriffen wird, erhält er 2 Stärkepunkte bis zum Ende des Kampfes/Angriffs.;Anuth: quando Inizi una Battaglia nella regione dove si trova Anuth o se Anuth è su un’Isola attaccata da un Mostro, riceve 2 Punti Forza addizionali fino alla fine della Battaglia o alla fine dell’attacco del Mostro.;アヌト: アヌトが配置されているリージョンでバトルを開始する場合、またはモンスターに攻撃される浮遊島にアヌトが配置されている場合、アヌトがバトルやモンスター攻撃の終了まで追加で2バトルポイントをもらいます。
h02;Poker;Hero;Gray;;Celethe: When Celethe is on an Island attacked by a Monster, if the Monster loses, the player controlling Celethe doubles their reward.;Celethe: Wenn Celethe sich auf einer Insel befindet, die von einem Monster angegriffen wird, erhält Celethes Spieler bei Sieg über das Monster die doppelte Belohnung.;Celethe: quando Celethe si trova su un’Isola attaccata da un Mostro, se il Mostro viene sconfitto, il giocatore che controlla Celethe raddoppia la sua ricompensa.;セレシ: モンスターに攻撃される浮遊島にセレシが配置されていてモンスターが倒される場合、セレシのプレイヤーがバトルの報酬を2回もらいます。
h03;Poker;Hero;Gray;;Leheir: When you Start a Battle, Leheir gives you 1 extra Glory Point for each unit which are removed or retreat (including your own), and for each Champion that becomes wounded.;Leheir: Wenn Du einen Kampf beginnst, erhältst Du von Leheir für jede entfernte oder geflohene Einheit (auch eigene), sowie jeden verwundeten Helden 1 zusätzlichen Ruhmespunkt.;Leheir: quando Inizi una Battaglia, Leheir fornisce 1 Punto Gloria extra per ogni unità rimossa o ritirata (incluse le tue) e per ogni Campione che viene ferito.;レハイル: レハイルのプレイヤーがバトルを開始した場合、バトルリージョンから外されるユニット、撤退したユニットと負傷したチャンピオンごとに（自分のユニットもも含めて）追加で1グローリーポイントをもらいます。 
h04;Poker;Hero;Gray;;Telron: At the very beginning of each Era (before Champions are restored), Telron gives you 4 extra Energy Points if not wounded.;Telron: Zu Beginn jeder Ära (bevor Helden geheilt werden) gibt dir Telron 4 zusätzliche Energiepunkte wenn er nicht verwundet ist.;Telron: all’inizio di ogni Era (prima che i Campioni vengano ripristinati), Telron fornisce 4 Punti Energia extra se non è ferito.;テルロン: 各時代の開始時に（チャンピオンを通常状態に戻す前に）、テルロンのプレイヤーが追加で4エネルギーポイントをもらいます。（テルロンが負傷していない限り）
h05;Poker;Hero;Gray;;CR-2T1: At the end of each Era, you receive 3 extra Glory Points for each 2 regions you control.;CR-2T1: Am Ende einer Ära erhältst Du 3 zusätzliche Ruhmespunkte für je 2 Regionen, die Du kontrollierst.;CR-2T1: alla fine di ogni Era, ricevi 3 Punti Gloria extra per ogni regione che controlli.;CR-2T1: 各時代の終了時に、CR-2TIのプレイヤーが支配している2つのリージョンごとに追加で3グローリーポイントをもらいます。
h06;Poker;Hero;Gray;;Sanya: When you Start a Battle or Face an Encounter, you may first choose to take the card on top of the Era Deck of the current Era and add it to your hand, at no cost.;Sanya: Wenn Du einen Kampf beginnst oder eine Begegnung hast, darfst Du die oberste Karte des aktuellen Ärastapels kostenlos auf die Hand nehmen.;Sanya: quando Inizi una Battaglia o Affronti un Incontro, puoi prima scegliere di prendere la carta in cima al Mazzo Era dell’attuale Era e aggiungerla alla tua mano, senza pagare alcun costo.;サニャ: サニャのプレイヤーがバトルを開始する時に、またはエンカウンターを行う時に、そのアクションを行う前にコマンドデッキのトップカードを無料で取って自分の手札にすることができます。
h07;Poker;Hero;Gray;;Kolbor & Malabor: When you Move an Island, you can perform one of any of the Attunements available, regardless of which Island you moved.;Kolbor & Malabor: Beim Bewegen einer Insel kannst Du jede der möglichen Einstimmungen Durchführen, unabhängig davon, welche Insel Du bewegt hast.;Kolbor e Malabor: quando Sposti un’Isola puoi scegliere una qualsiasi Carta Armonizzazione disponibile indipendentemente da quale Isola tu abbia spostato.;コルボー＆マラボー: コルボー＆マラボーのプレイヤーが浮遊島を動かす時に、どの浮遊島を動かすかに関わらず、ゲームボード上に残っている任意の同調カードで同調を行うことができます。
;;;;;;;;
a01;Poker;Attunement;Gray;;Attune to the anomaly. Receive 3 Glory Points for each Upgrade Card in play on your Player Board.;Einstimmung. Erhalte 3 Ruhmespunkte für jede Verbesserungskarte auf Deinem Spielertableau.;Armonizzati con l'anomalia. Ricevi 3 Punti Gloria per ogni Carta Miglioria in gioco sulla tua Plancia Giocatore.;このアノマリーに同調すると、装備中のアップグレードカード1枚ごとに3グローリーポイントを取得します。
a02;Poker;Attunement;Gray;;Attune to the anomaly. Receive 4 Glory Points for each Encounter you faced.;Einstimmung. Erhalte 4 Ruhmespunkte für jede Begegnung, die Du bisher hattest. ;Armonizzati con l'anomalia. Ricevi 4 Punti Gloria per ogni Incontro che hai affrontato.;このアノマリーに同調すると、今まで行ったエンカウンターごとに4グローリーポイントを取得します。 
a03;Poker;Attunement;Gray;;Attune to the anomaly. Receive 3 Glory Points for each region you control.;Einstimmung. Erhalte 3 Ruhmespunkte für jede Region, die Du gerade kontrollierst. ;Armonizzati con l'anomalia. Ricevi 3 Punti Gloria per ogni regione che controlli.;このアノマリーに同調すると、自分が支配しているリージョンごとに3グローリーポイントを取得します。
a04;Poker;Attunement;Gray;;Attune to the anomaly. Receive 2 Glory Points for each of your Troops currently deployed.;Einstimmung. Erhalte 2 Ruhmespunkte für jeden Deiner Kämpfer auf dem Spielplan.;Armonizzati con l'anomalia. Ricevi 2 Punti Gloria per ognuna delle tue Truppe attualmente schierate.;このアノマリーに同調すると、ゲームボード上に配置されている自分の部隊ごとに2グローリーポイントを取得します。
a05;Poker;Attunement;Gray;;Attune to the anomaly. Receive 2 Glory Points for each Command Card in your discard pile.;Einstimmung. Erhalte 2 Ruhmespunkte für jede Befehlskarte auf Deinem Ablagefeld.;Armonizzati con l'anomalia. Ricevi 2 Punti Gloria per ogni Carta Comando nella tua pila degli scarti.;このアノマリーに同調すると、自分の捨札に入っているコマンドカード1枚ごとに2グローリーポイントを取得します。
a06;Poker;Attunement;Gray;;Attune to the anomaly. Receive 4 Glory Points for each Accessory Card in play on your Player Board.;Einstimmung. Erhalte 4 Ruhmespunkte für jede Zusatzkarte auf Deinem Spielertableau.;Armonizzati con l'anomalia. Ricevi 4 Punti Gloria per ogni Carta Accessorio in gioco sulla tua Plancia Giocatore.;このアノマリーに同調すると、装備中のアイテムカード1枚ごとに4グローリーポイントを取得します。
a07;Poker;Attunement;Gray;;Attune to the anomaly. Receive 2 Glory Points for each Experience Point you currently possess.;Einstimmung. Erhalte 2 Ruhmespunkte für jeden Erfahrungspunkt, den Du gerade besitzt. ;Armonizzati con l'anomalia. Ricevi 2 Punti Gloria per ogni Punto Esperienza che possiedi attualmente.;このアノマリーに同調すると、自分が現在持っている1経験ポイントごとに2グローリーポイントを取得します。
a08;Poker;Attunement;Gray;;Attune to the anomaly. Receive 1 Glory Point for each region where you have at least one unit.;Einstimmung. Erhalte 1 Ruhmespunkt für jede Region, in der Du mindestens eine Einheit besitzt.;Armonizzati con l'anomalia. Ricevi 1 Punto Gloria per ogni regione dove hai almeno un’unità.;このアノマリーに同調すると、自分のユニットが1個以上配置されているリージョンごとに1グローリーポイントをもらいます。
a09;Poker;Attunement;Gray;;Attune to the anomaly. Receive 3 Glory Points for each of your Golems currently deployed.;Einstimmung. Erhalte 3 Ruhmespunkte für jeden Deiner Golems auf dem Spielplan. ;Armonizzati con l'anomalia. Ricevi 3 Punti Gloria per ognuno dei tuoi Golem attualmente schierati. ;このアノマリーに同調すると、ゲームボード上に配置されている自分のゴーレムごとに3グローリーポイントを取得します。
a10;Poker;Attunement;Gray;;Attune to the anomaly. At the end of this Era, receive 8 Glory Points for each Monster defeated (even if you did not take part in the attack).;Einstimmung. Erhalte am Ende dieser Ära 8 Ruhmespunkte für jedes in dieser Ära besiegte Monster (selbst wenn Du nicht am Kampf teilgenommen hast).;Armonizzati con l'anomalia. Alla fine di questa Era, ricevi 8 Punti Gloria per ogni Mostro sconfitto (anche se non hai preso parte all’attacco).;このアノマリーに同調すると、プレイ中の時代が終了した時に倒されたモンスターごとに8グローリーポイントを取得します。（自分が参加しなかったモンスターとのバトルでも）
;;;;;;;;
en01;Poker;Encounter;Gray;;Gain 6 Glory Points. Axe: Remove a Fortification from each Opponent / Boots: Gain 2 Experience Points.;Erhalte 6 Ruhmespunkte. Axt: Entferne 1 Festung jedes Gegners / Stiefel: Erhalte 2 Erfahrungspunkte.;Ottieni 6 Punti Gloria. Ascia: Rimuovi una Fortificazione da ogni Avversario / Stivali: Ottieni 2 Punti Esperienza.;6グローリーポイントを取得します。斧：他の各プレイヤーのとりでをゲームボードから1個外します。 / 靴：2経験ポイントを取得します。
en02;Poker;Encounter;Gray;;Gain 6 Glory Points. Dialogue: Gain 3 Command Points / Chest: Meditate.;Erhalte 6 Ruhmespunkte. Gespräch: Erhalte 3 Befehlspunkte / Truhe: Meditieren.;Ottieni 6 Punti Gloria. Dialogo: Ottieni 3 Punti Comando / Scrigno: Medita.;6グローリーポイントを取得します。会話：3コマンドポイントを取得します。 / 宝箱：「資源を得る」アクションを行います。
en03;Poker;Encounter;Gray;;Gain 6 Glory Points. Boots: Construct 1 Troop and 1 Golem / Chest: Gain 3 Glory Points for each Crystal Field region you control.;Erhalte 6 Ruhmespunkte. Stiefel: Erschaffe 1 Kämpfer und 1 Golem / Truhe: Erhalte 3 Ruhmespunkte für jede Kristallregion, die Du kontrollierst.;Ottieni 6 Punti Gloria. Stivali: Costruisci 1 Truppa e 1 Golem / Scrigno: Ottieni 3 Punti Gloria per ogni regione Campo di Cristallo che controlli.;6グローリーポイントを取得します。靴：部隊1個とゴーレム1個を採用します。 / 宝箱：自分が支配しているクリスタルフィールドのリージョンごとに3グローリーポイントを取得します。
en04;Poker;Encounter;Gray;;Gain 7 Glory Points. Axe: Gain 3 Glory Points for each Forest region you control / Dialogue: Gain 1 Experience Point and Travel with your Champion.;Erhalte 7 Ruhmespunkte. Axt: Erhalte 3 Ruhmespunkte für jede Waldregion, die Du kontrollierst / Gespräch: Erhalte 1 Erfahrungspunkt und bewege Deinen Helden.;Ottieni 7 Punti Gloria. Ascia: Ottieni 3 Punti Gloria per ogni regione Foresta che controlli / Dialogo: Ottieni 1 Punto Esperienza e Viaggia con il tuo Campione.;7グローリーポイントを取得します。斧：自分が支配している森のリージョンごとに3グローリーポイントを取得します。 / 会話：1経験ポイントを取得して自分のチャンピオンを移動します。
en05;Poker;Encounter;Gray;;Gain 7 Glory Points. Boots: Gain 2 Command Points / Chest: Gain 1 Energy Point and Develop.;Erhalte 7 Ruhmespunkte. Stiefel: Erhalte 2 Befehlspunkte / Truhe: Erhalte 1 Energiepunkt und Entwickle.;Ottieni 7 Punti Gloria. Stivali: Ottieni 2 Punti Comando / Scrigno: Ottieni 1 Punto Energia e Sviluppa.;7グローリーポイントを取得します。靴：2コマンドポイントを取得します。 / 宝箱：1エネルギーポイントを取得して「コマンドカードを購入する」アクションを行います。
en06;Poker;Encounter;Gray;;Gain 7 Glory Points. Chest: Gain 3 Energy Points / Boots: Draw 1 card from the top of the Era Deck.;Erhalte 7 Ruhmespunkte. Truhe: Erhalte 3 Energiepunkte / Stiefel: Ziehe 1 Karte vom Ärastapel.;Ottieni 7 Punti Gloria. Scrigno: Ottieni 3 Punti Energia / Stivali: Pesca la prima carta del Mazzo Era.;7グローリーポイントを取得します。宝箱：3エネルギーポイントを取得します。 / 靴：コマンドデッキからトップカードを引いて自分の手札に追加します。
en07;Poker;Encounter;Gray;;Gain 8 Glory Points. Axe: Gain 1 Glory Point and Start a Battle in any region with at least 1 Opponent / Boots: Construct 1 Troop or Travel with 1 Troop you control. ;Erhalte 8 Ruhmespunkte. Axt: Erhalte 1 Ruhmespunkt und beginne einen Kampf in einer beliebigen Region / Stiefel: Erschaffe 1 Kämpfer oder bewege 1 eigenen Kämpfer.;Ottieni 8 Punti Gloria. Ascia: Ottieni 1 Punto Gloria e Inizia una Battaglia in una qualsiasi regione con almeno 1 Avversario / Costruisci 1 Truppa o Viaggia con 1 Truppa che controlli.;8グローリーポイントを取得します。斧：1グローリーポイントを取得して1人以上の他プレイヤーのユニットが配置されているリージョンにてバトルを開始します。 / 靴：自分の部隊1個の採用か移動を行います。
en08;Poker;Encounter;Gray;;Gain 8 Glory Points. Dialogue: Gain 1 Energy Point and 1 Command Point / Boots: Remove 1 Troop from each Opponent.;Erhalte 8 Ruhmespunkte. Gespräch: Erhalte 1 Energiepunkt und 1 Befehlspunkt / Stiefel: Entferne 1 Kämpfer jedes Gegners.;Ottieni 8 Punti Gloria. Dialogo: Ottieni 1 Punto Energia e 1 Punto Comando / Stivali: Rimuovi 1 Truppa da ogni Avversario.;8グローリーポイントを取得します。会話：1エネルギーポイントと1コマンドポイントを取得します。 / 靴：他の各プレイヤーの部隊をゲームボードから1個外します。
en09;Poker;Encounter;Gray;;Gain 8 Glory Points. Chest: Discard a Tactic Card to gain X Glory Points, where X is equal to the number of Command Points of the discarded card / Dialogue: Construct or Deploy 1 Troop.;Erhalte 8 Ruhmespunkte. Truhe: Wirf eine Taktikkarte ab um X Ruhmespunkte zu erhalten. X ist die Anzahl der Befehlspunkte dieser Karte / Gespräch: Erschaffe oder setze 1 Kämpfer ein.;Ottieni 8 Punti Gloria. Scrigno: Scarta una Carta Tattica per ottenere X Punti Gloria, dove X è uguale al numero di Punti Comando sulla carta scartata / Dialogo: Costruisci o Schiera 1 Truppa.;8グローリーポイントを取得します。宝箱：自分の手札から戦術のコマンドカードを1枚捨札に捨ててXグローリーポイントを取得します。「X」は捨てたコマンドカード上のコマンドポイント数と同じです。 / 会話：自分の部隊1個の採用か配置を行います。
en10;Poker;Encounter;Gray;;Gain 7 Glory Points. Dialogue: Gain 3 Glory Points for each Land of Myst region you control / Boots: Choose 1 Golem and 1 Troop you control, then Travel to any region.;Erhalte 7 Ruhmespunkte. Gespräch: Erhalte 3 Ruhmespunkte für jede Nebelregion, die Du kontrollierst / Stiefel: Bewege 1 Deiner Golems und 1 Deiner Kämpfer in beliebige Regionen.;Ottieni 7 Punti Gloria. Dialogo: Ottieni 3 Punti Gloria per ogni regione Terra Nebbiosa che controlli / Stivali: Scegli 1 Golem e 1 Truppa che controlli, possono Viaggiare verso qualsiasi regione.;7グローリーポイントを取得します。会話：自分が支配しているミストランドのリージョンごとに3グローリーポイントを取得します。 / 靴：自分のゴーレム1個と部隊1個を任意のリージョンに移動します。
en11;Poker;Encounter;Gray;;Gain 7 Glory Points. Axe: Remove 1 Golem from each Opponent / Chest: Gain 3 Glory Points.;Erhalte 7 Ruhmespunkte. Axt: Entferne 1 Golem jedes Gegners / Truhe: Erhalte 3 Ruhmespunkte.;Ottieni 7 Punti Gloria. Ascia: Rimuovi 1 Golem da ogni Avversario / Scrigno: Ottieni 3 Punti Gloria.;7グローリーポイントを取得します。斧：他の各プレイヤーのゴーレムをゲームボードから1個外します。 / 宝箱：3グローリーポイントを取得します。
en12;Poker;Encounter;Gray;;Gain 7 Glory Points. Chest: Gain 1 Energy Point / Axe: Recharge your Artefact or gain 1 Command Point.;Erhalte 7 Ruhmespunkte. Truhe: Erhalte 1 Energiepunkt / Axt: Lade Dein Artefakt auf oder erhalte 1 Befehlspunkt.;Ottieni 7 Punti Gloria. Scrigno: Ottieni 1 Punto Energia / Ascia: Ricarica il tuo Artefatto oppure ottieni 1 Punto Comando.;7グローリーポイントを取得します。宝箱：1エネルギーポイントを取得します。 / 斧：アーチファクトタイルをチャージするか1コマンドポイントを取得します。
en13;Poker;Encounter;Gray;;Gain 7 Glory Points. Chest: Develop / Boots: Construct 1 Golem or Travel with 1 Golem you control.;Erhalte 7 Ruhmespunkte. Truhe: Entwickeln / Stiefel: Erschaffe oder bewege 1 eigenen Golem.;Ottieni 7 Punti Gloria. Scrigno: Sviluppa / Stivali: Costruisci 1 Golem o Viaggia con 1 Golem che controlli.;7グローリーポイントを取得します。宝箱：「コマンドカードを購入する」アクションを行います。 / 靴：自分のゴーレム1個の採用か移動を行います。
en14;Poker;Encounter;Gray;;Gain 7 Glory Points. Boots: Gain 1 Command Point and 2 Glory Points / Axe: Remove 1 Golem from each Opponent.;Erhalte 7 Ruhmespunkte. Stiefel: Erhalte 1 Befehlspunkt und 2 Ruhmespunkte / Axt: Entferne 1 Golem jedes Gegners.;Ottieni 7 Punti Gloria. Stivali: Ottieni 1 Punto Comando e 2 Punti Gloria / Rimuovi un Golem da ogni Avversario.;7グローリーポイントを取得します。靴：1コマンドポイントと2グローリーポイントを取得します。 / 斧：他の各プレイヤーのゴーレムをゲームボードから1個外します。
en15;Poker;Encounter;Gray;;Gain 7 Glory Points. Chest: Draw 1 card from the top of the Era Deck / Dialogue: Gain 1 Glory Point for each of your Golem currently deployed.;Erhalte 7 Ruhmespunkte. Truhe: Ziehe 1 Karte vom Ärastapel / Gespräch: Erhalte einen Ruhmespunkt für jeden Deiner Golems auf dem Spielplan.;Ottieni 7 Punti Gloria. Scrigno: Pesca la prima carta del Mazzo Era / Dialogo: Ottieni 1 Punto Gloria per ognuno dei tuoi Golem attualmente schierati.;7グローリーポイントを取得します。宝箱：コマンドデッキのトップカードを引いて自分の手札に追加します。 / 会話：現在配置されている自分のゴーレムごとに1グローリーポイントを取得します。
en16;Poker;Encounter;Gray;;Gain 6 Glory Points. Dialogue: Deploy 1 Troop or Construct 1 Golem / Chest: Pay 1 Energy Point to gain 3 Glory Points.;Erhalte 6 Ruhmespunkte. Gespräch: Setze 1 Kämpfer ein oder erschaffe 1 Golem / Truhe: Zahle 1 Energiepunkt um 3 Ruhmespunkte zu erhalten.;Ottieni 6 Punti Gloria. Dialogo: Schiera 1 Truppa o Costruisci 1 Golem / Scrigno: Paga 1 Punto Energia per ottenere 3 Punti Gloria.;6グローリーポイントを取得します。会話：部隊を1個配置するかゴーレムを1個採用します。 / 宝箱：1エネルギーポイントを消費して3グローリーポイントを取得します。
en17;Poker;Encounter;Gray;;Gain 6 Glory Points. Axe: Gain 1 Glory Point and Start a Battle in any region with at least 1 Opponent / Boots: Draw 1 card from the top of the Era Deck.;Erhalte 6 Ruhmespunkte. Axt: Erhalte 1 Ruhmespunkt und beginne einen Kampf in einer beliebigen Region / Stiefel: Ziehe 1 Karte vom Ärastapel.;Ottieni 6 Punti Gloria. Ascia: Ottieni 1 Punto Gloria e Inizia una Battaglia in una qualsiasi regione con almeno 1 Avversario / Stivali: Pesca la prima carta del Mazzo Era.;6グローリーポイントを取得します。斧：1グローリーポイントを取得して1人以上の他プレイヤーのユニットが配置されているリージョンにてバトルを開始します。 / 靴：コマンドデッキのトップカードを引いて自分の手札に追加します。
en18;Poker;Encounter;Gray;;Gain 6 Glory Points. Chest: Construct 1 Troop or Construct 1 Golem / Axe: Discard an Accessory Card to gain X Glory Points, where X is equal to the number of Command Points of the discarded card.;Erhalte 6 Ruhmespunkte. Truhe: Erschaffe 1 Kämpfer oder 1 Golem / Axt: Wirf eine Zusatzkarte ab um X Ruhmespunkte zu erhalten. X ist die Anzahl der Befehlspunkte dieser Karte.;Ottieni 6 Punti Gloria. Scrigno: Costruisci 1 Truppa o Costruisci 1 Golem / Ascia: Scarta una Carta Accessorio per ottenere X Punti Gloria, dove X è uguale al numero di Punti Comando sulla carta scartata.;6グローリーポイントを取得します。宝箱：部隊1個かゴーレム1個を採用します。 / 斧: 自分の手札からアイテムのコマンドカードを1枚捨札に捨ててXグローリーポイントを取得します。「X」は捨てたコマンドカード上のコマンドポイント数と同じです。
en19;Poker;Encounter;Gray;;Gain 6 Glory Points. Chest: Gain 2 Energy Points or gain 2 Command Points / Dialogue: Gain 2 Experience Points.;Erhalte 6 Ruhmespunkte. Truhe: Erhalte 2 Energiepunkte oder erhalte 2 Befehlspunkte / Gespräch: Erhalte 2 Erfahrungspunkte.;Ottieni 6 Punti Gloria. Scrigno: Ottieni 2 Punti Energia od ottieni 2 Punti Comando / Dialogo: Ottieni 2 Punti Esperienza.;6グローリーポイントを取得します。宝箱：2エネルギーポイントか2コマンドポイントを取得します。 / 会話：2経験ポイントを取得します。
en20;Poker;Encounter;Gray;;Gain 6 Glory Points. Boots: Travel to any region with your Champion / Axe: Choose a Monster placed on the Events Board. The Monster attacks immediately.;Erhalte 6 Ruhmespunkte. Stiefel: Bewege Deinen Helden in eine beliebige Region / Axt: Wähle ein Monster, dessen Karte in dieser Ära auf den Ereignisplan gelegt wurde. Das Monster greift sofort an.;Ottieni 6 Punti Gloria. Stivali: Viaggia verso una regione qualsiasi con il tuo Campione / Ascia: Scegli un Mostro la cui carta sia già stata posizionata sulla Plancia Eventi durante questa Era. Il Mostro attacca immediatamente.;6グローリーポイントを取得します。靴：自分のチャンピオンを任意のリージョンに移動します。 / 斧：該当のモンスターカードが既にイベントパスに出ているモンスターを選びます。そのモンスターがすぐに攻撃を行います。
en21;Poker;Encounter;Gray;;Gain 6 Glory Points. Dialogue: Construct or Deploy 1 Golem / Boots: Gain 3 Glory Points and Start a Battle in any region with at least 1 Opponent.;Erhalte 6 Ruhmespunkte. Gespräch: Erschaffe oder setze 1 Golem ein / Stiefel: Erhalte 3 Ruhmespunkte und beginne einen Kampf in einer beliebigen Region.;Ottieni 6 Punti Gloria. Dialogo: Costruisci o Schiera 1 Golem / Stivali: Ottieni 3 Punti Gloria e Inizia una Battaglia in una qualsiasi regione con almeno 1 Avversario.;6グローリーポイントを取得します。会話：ゴーレム1個の採用か配置を行います。 / 靴：3グローリーポイントを取得して1人以上の他プレイヤーのユニットが配置されているリージョンにてバトルを開始します。
en22;Poker;Encounter;Gray;;Gain 8 Glory Points. Chest: Pay 1 Energy Point to gain 3 Glory Points / Boots: Travel to any region with 2 Troops you control.;Erhalte 8 Ruhmespunkte. Truhe: Zahle 1 Energiepunkt um 3 Ruhmespunkte zu erhalten / Stiefel: Bewege 2 Deiner Kämpfer in beliebige Regionen.;Ottieni 8 Punti Gloria. Scrigno: Paga 1 Punto Energia per ottenere 3 Punti Gloria / Stivali: Viaggia verso una regione qualsiasi con 2 Truppe che controlli.;8グローリーポイントを取得します。 宝箱：1エネルギーポイントを消費して3グローリーポイントを取得します。 / 靴：自分の部隊を2個任意のリージョンに移動します。
en23;Poker;Encounter;Gray;;Gain 8 Glory Points. Dialogue: Draw 1 card from the top of the Era Deck / Axe: Discard an Upgrade Card to gain X Glory Points, where X is equal to the number of Command Points of the discarded card.;Erhalte 8 Ruhmespunkte. Gespräch: Ziehe 1 Karte vom Ärastapel / Axt: Wirf eine Verbesserungskarte ab um X Ruhmespunkte zu erhalten. X ist die Anzahl der Befehlspunkte dieser Karte.;Ottieni 8 Punti Gloria. Dialogo: Pesca la prima carta del Mazzo Era / Ascia: Scarta una Carta Miglioria per ottenere X Punti Gloria, dove X è uguale al numero di Punti Comando sulla carta scartata.;8グローリーポイントを取得します。会話：コマンドデッキのトップカードを引いて自分の手札に追加します。 / 斧：自分の手札からアップグレードのコマンドカードを1枚捨札に捨ててXグローリーポイントを取得します。「X」は捨てたコマンドカード上のコマンドポイント数と同じです。
en24;Poker;Encounter;Gray;;Gain 8 Glory Points. Boots: Deploy 1 Golem or Travel with 1 Golem / Dialogue: Gain 3 Glory Points for each River region you control.;Erhalte 8 Ruhmespunkte. Stiefel: Setze 1 Golem ein oder bewege 1 Golem / Gespräch: Erhalte 3 Ruhmespunkte für jede Flussregion, die Du kontrollierst.;Ottieni 8 Punti Gloria. Stivali: Schiera 1 Golem o Viaggia con 1 Golem / Dialogo: Ottieni 3 Punti Gloria per ogni regione Fiume che controlli.;8グローリーポイントを取得します。靴：ゴーレム1個の配置か移動を行います。 / 会話：自分が支配している河のリージョンごとに3グローリーポイントを取得します。
en25;Poker;Encounter;Gray;;Gain 6 Glory Points. Axe: Pay 1 Energy Point to gain 2 Glory Points and 1 Experience Point / Boots: Choose a region with at least 1 Troop or 1 Golem you control. Travel with all Troops and Golems you control in the chosen region to any other region.;Erhalte 6 Ruhmespunkte. Axt: Zahle 1 Energiepunkt um 2 Ruhmespunkte und 1 Erfahrungspunkt zu erhalten / Stiefel: Wähle eine Region, in der mindestens eine Deiner Einheiten (Kämpfer oder Golem) steht. Bewege alle Einheiten dieser Region in eine beliebige andere Region.;Ottieni 6 Punti Gloria. Ascia: Paga 1 Punto Energia per ottenere 2 Punti Gloria e 1 Punto Esperienza / Stivali: Scegli una regione con almeno 1 Truppa o 1 Golem che controlli. Viaggia con tutte le Truppe e i Golem che controlli nella regione scelta verso una qualsiasi altra regione.;6グローリーポイントを取得します。斧：1エネルギーポイントを消費して2グローリーポイントと1経験ポイントを取得します。 / 靴：自分のゴーレムか部隊が1個以上配置されているリージョンを選びます。そのリージョンから自分のゴーレムと部隊を全て任意のリージョンに移動します。
en26;Poker;Encounter;Gray;;Gain 6 Glory Points. Boots: Recharge your Artefact and gain 1 Experience Point / Dialogue: Gain 4 Glory Points.;Erhalte 6 Ruhmespunkte. Stiefel: Lade Dein Artefakt auf und erhalte 1 Erfahrungspunkt / Gespräch: Erhalte 4 Ruhmespunkte.;Ottieni 6 Punti Gloria. Stivali: Ricarica il tuo Artefatto e ottieni 1 Punto Esperienza / Dialogo: Ottieni 4 Punti Gloria.;6グローリーポイントを取得します。靴：アーチファクトタイルをチャージして1経験ポイントを取得します。 / 会話：4グローリーポイントを取得します。
en27;Poker;Encounter;Gray;;Gain 6 Glory Points. Chest: Meditate / Axe: Choose a Monster placed on the Events Board. The Monster attacks immediately.;Erhalte 6 Ruhmespunkte. Truhe: Meditieren / Axt: Wähle ein Monster, dessen Karte in dieser Ära auf den Ereignisplan gelegt wurde. Das Monster greift sofort an.;Ottieni 6 Punti Gloria. Scrigno: Medita / Ascia: puoi solo scegliere un Mostro la cui carta sia già stata posizionata sulla Plancia Eventi durante questa Era. Il Mostro attacca immediatamente.;6グローリーポイントを取得します。宝箱：「資源を得る」アクションを行います。 / 斧：該当のモンスターカードが既にイベントパスに出ているモンスターを選びます。そのモンスターがすぐに攻撃を行います。.
en28;Poker;Encounter;Gray;;Gain 7 Glory Points. Boots: Travel with 2 Troops / Axe: Deploy a Fortification or 1 Golem.;Erhalte 7 Ruhmespunkte. Stiefel: Bewege 2 Kämpfer / Axt: Setze 1 Festung oder 1 Golem ein.;Ottieni 7 Punti Gloria. Stivali: Viaggia con 2 Truppe / Ascia: Schiera una Fortificazione o 1 Golem.;7グローリーポイントを取得します。靴：部隊を2個移動します。 / 斧：とりでかゴーレムを1個配置します。
en29;Poker;Encounter;Gray;;Gain 7 Glory Points. Axe: Recharge your Artefact and Start a Battle in any region with at least 1 Opponent / Boots: Discard an Objective Card to gain X Glory Points, where X is equal to the number of Command Points of the discarded card.;Erhalte 7 Ruhmespunkte. Axt: Lade Dein Artefakt auf und beginne einen Kampf in einer beliebigen Region / Stiefel: Wirf eine Zielkarte ab um X Ruhmespunkte zu erhalten. X ist die Anzahl der Befehlspunkte dieser Karte.;Ottieni 7 Punti Gloria. Ascia: Ricarica il tuo Artefatto e Inizia una Battaglia in una qualsiasi regione con almeno 1 Avversario / Stivali: Scarta una Carta Obiettivo per ottenere X Punti Gloria, dove X è uguale al numero di Punti Comando sulla carta scartata.;7グローリーポイントを取得します。斧：アーチファクトタイルをチャージして1人以上の他プレイヤーのユニットが配置されているリージョンにてバトルを開始します。 / 靴：自分の手札から目的のコマンドカードを1枚捨札に捨ててXグローリーポイントを取得します。「X」は捨てたコマンドカード上のコマンドポイント数と同じです。
en30;Poker;Encounter;Gray;;Gain 7 Glory Points. Dialogue: Act / Chest: Gain 3 Glory Points for each Mountain region you control.;Erhalte 7 Ruhmespunkte. Gespräch: Ausführen / Truhe: Erhalte 3 Ruhmespunkte für jede Bergregion, die Du kontrollierst.;Ottieni 7 Punti Gloria. Dialogo: Agisci / Scrigno: Ottieni 3 Punti Gloria per ogni regione Montagna che controlli.;7グローリーポイントを取得します。会話：「コマンドカードを1枚プレイする」アクションを行います。 / 宝箱：自分が支配している山のリージョンごとに3グローリーポイントを取得します。
;;;;;;;;
ev01;Poker;Event;;;River;Fluss;Fiume;河
ev02;Poker;Event;;;Mountain;Gebirge;Montagna;山
ev03;Poker;Event;;;Forest;Wald;Foresta;森
ev04;Poker;Event;;;Land of Myst;Nebelland;Terra Nebbiosa;ミストランド
ev05;Poker;Event;;;Crystal Field;Kristallfeld;Campo di Cristallo;クリスタルフィールド
ev06;Poker;Event;;;Storm;Sturm;Tempesta ;ストーム
ev07;Poker;Event;;;Boulron the Reaper:\nStrength 11\nRewards:\nGold - Gain 9 Glory Points.\nSilver - Gain 4 Glory Points.\nBronze - Gain 2 Glory Points.\nBehaviour: When Boulron attacks, due to its swift and elegant movements, players do not benefit from the Strength provided by Fortifications on the attacked Island.;Boulron der Schnitter\nStärke 11\nBelohnungen:\nGold - Erhalte 9 Ruhmespunkte.\nSilber - Erhalte 4 Ruhmespunkte.\nBronze - Erhalte 2 Ruhmespunkte.\nVerhalten: Da Boulron sehr flink und geschickt ist, zählt die Stärke von Festungen nicht, wenn er eine Insel angreift.;Boulron il Mietitore:\nForza 11\nRicompense:\nOro - Ottieni 9 Punti Gloria.\nArgento - Ottieni 4 Punti Gloria.\nBronzo - Ottieni 2 Punti Gloria.\nComportamento: quando Boulron attacca, visti i suoi movimenti eleganti e rapidi, i giocatori non beneficiano della Forza fornita dalle Fortificazioni sull’Isola attaccata.;"バウロン\nバトルポイント：11\n報酬：\nゴールド - 9グローリーポイント\nシルバー - 4グローリーポイント\nブロンズ - 2 グローリーポ
イント\n挙動： バウロンが攻撃するときにプレイヤー達がとりでからのバトルポイントをもらうことができません。"
ev08;Poker;Event;;;Onygauros the Collector:\nStrength 13\nRewards:\nGold - Gain 4 Command Points and 4 Glory Points.\nSilver - Gain 3 Command Points and 3 Glory Points.\nBronze - Gain 2 Command Points and 2 Glory Points.\nBehaviour: When Onygauros attacks, every player in turn order (including players with no units on the attacked Island) must randomly choose a card from their discard pile and remove it from the game — Onygauros has collected it. As an alternative to removing a card, players may choose to lose 5 Glory Points instead, but this decision must be made before seeing the card that would be discarded.;Onygauros der Sammler:\nStärke 13\nBelohnungen:\nGold - Erhalte 4 Befehlspunkte und 4 Ruhmespunkte.\nSilber - Erhalte 3 Befehlspunkte und 3 Ruhmespunkte.\nBronze - Erhalte 2 Befehlspunkte und 2 Ruhmespunkte.\nVerhalten: Wenn Onygauros angreift, wählt jeder Spieler in Zugreihenfolge (auch Spieler, die auf der Insel keine Einheiten haben) zufällig eine Karte aus dem Abwurfstapel und entfernt sie aus dem Spiel - Onygauros sammelt diese. Alternativ können Spieler auch 5 Ruhmespunkte bezahlen. Diese EntscheiDung muss getroffen werden, bevor zufällig eine Karte bestimmt wird.;Onygauros il Collezionista:\nForza 13\nRicompense:\nOro - Ottieni 4 Punti Comando e 4 Punti Gloria.\nArgento - Ottieni 3 Punti Comando e 3 Punti Gloria.\nBronzo - Ottieni 2 Punti Comando e 2 Punti Gloria.\nComportamento: quando Onygauros attacca, ogni giocatore secondo l’ordine di turno (inclusi i giocatori senza unità sull’Isola attaccata) devono scegliere a caso una carta dalla pila degli scarti e rimuoverla dal gioco - Onygauros l’ha collezionata. In alternativa, invece che rimuovere una carta, i giocatori possono scegliere di perdere 5 Punti Gloria ma questa decisione deve essere presa prima di vedere la carta da scartare.;"オニガウロス\nバトルポイント：13\n報酬：\nゴールド - 4コマンドポイントと4グローリーポイント\nシルバー - 3コマンドポイントと3グロ
ーリーポイント\nブロンズ - 2コマンドポイントと2グローリーポイント\n挙動： オニガウロスが攻撃するときに、各プレイヤーが（攻撃されている浮
遊島に自分のユニットが配置されていないプレイヤーでも）自分の捨札からコマンドカードを1枚ランダムに削除します。（現在のゲーム中にもう利用で
きません）\nその代わりに5グローリーポイントを失うことも可能ですが、どのコマンドカードが削除になるか分かる前に判断しなければなりません。"
ev09;Poker;Event;;;Caerulas the Inhabitant from Below:\nStrength 15\nRewards:\nGold - Gain 5 Experience Points and 5 Glory Points.\nSilver - Gain 4 Experience Points and 4 Glory Points.\nBronze - Gain 3 Experience Points and 3 Glory Points.\nBehaviour: When Caerulas attacks but is not defeated, it becomes enraged. It then moves to the next Island clockwise, and attacks again.\nNote: After this second attack, it stops and does not move onto the next Island clockwise until its next activation.;Caerulas aus der Tiefe:\nStärke 15\nBelohnungen:\nGold - Erhalte 5 Erfahrungspunkte und 5 Ruhmespunkte.\nSilber - Erhalte 4 Erfahrungspunkte und 4 Ruhmespunkte.\nBronze - Erhalte 3 Erfahrungspunkte und 3 Ruhmespunkte.\nVerhalten: Wenn Caerulas angreift aber nicht besiegt wird, fällt er in einen Blutrausch. Er bewegt sich sofort eine Insel im Uhrzeigersinn weiter und greift erneut an.\nHinweis: Nach dem zweiten Angriff hält er inne und greift erst bei seiner nächsten Aktivierung wieder an.;Caerulas l'Abitante del Sottosuolo:\nForza 15\nRicompense:\nOro - Ottieni 5 Punti Esperienza e 5 Punti Gloria.\nArgento - Ottieni 4 Punti Esperienza e 4 Punti Gloria.\nBronzo - Ottieni 3 Punti Esperienza e 3 Punti Gloria.\nComportamento: quando Caerulas attacca e non viene sconfitto, diventa furioso: si sposta sull’Isola successiva in senso orario e attacca ancora.\nNota: dopo questo secondo attacco, si ferma e non si sposta sull’Isola successiva in senso orario fino alla sua prossima attivazione.;"セルラス\nバトルポイント：15\n報酬：\nゴールド - 5経験ポイントと5グローリーポイント\nシルバー - 4経験ポイントと4グローリーポイン
ト\nブロンズ - 3経験ポイントと3グローリーポイント\n挙動： セルラスが攻撃して倒されなかった場合、時計回りに1回移動して次の浮遊島にて再度攻
撃します。備考：2回目の攻撃が終了したらセルラスがそれ以上移動しません。"
ev10;Poker;Event;;;Utcoro the Swarmer:\nStrength 10\nRewards:\nGold - Gain 3 Glory Points. You may also Face an 7.\nSilver - Gain 2 Glory Points. You may also Face an 7.\nBronze - Gain 1 Glory Point. You may also Face an 7.\nYou can Face these 7s even if your Champion and your 7 token are on different Islands. In addition, you do not have to spend any Experience Points. All other rules regarding facing 7s apply.\nBehaviour: When Utcoro attacks, all players that do not take part in the battle (cowards!) immediately lose 5 Glory Points.;Utcoro der Jäger:\nStärke 10\nBelohnungen:\nGold - Erhalte 3 Ruhmespunkte. Du kannst eine Begegnung haben.\nSilber - Erhalte 2 Ruhmespunkte. Du kannst eine Begegnung haben.\nBronze - Erhalte 1 Ruhmespunkt. Du kannst eine Begegnung haben.\nDu kannst diese Begegnungen auch haben, falls sich Dein Held und Dein Begegnungsmarker nicht auf der gleichen Insel befinden. Du musst keine Erfahrungspunkte bezahlen. Alle anderen Regeln für Begegnungen sind unverändert.\nVerhalten: Wenn Utcoro angreift, verlieren alle Spieler, die nicht am Kampf teilnehmen (Feiglinge!) sofort 5 Ruhmespunkte.;Utcoro il Brulicante:\nForza 10\nRicompense:\nOro - Ottieni 3 Punti Gloria. Puoi anche affrontare un Incontro.\nArgento - Ottieni 2 Punti Gloria. Puoi anche Affrontare un Incontro.\nBronzo - Ottieni 1 Punto Gloria. Puoi anche Affrontare un Incontro.\nPuoi Affrontare questi Incontri anche se il tuo Campione e il tuo Segnalino Incontri sono su Isole diverse. Inoltre, non devi spendere alcun Punto Esperienza. Tutte le altre regole che riguardano l’affrontare gli Incontri vengono applicate normalmente.\nComportamento: quando Utcoro attacca, tutti i giocatori che non prendono parte alla battaglia (codardi!) perdono immediatamente 5 Punti Gloria.;"ウトコロ\nバトルポイント：10\n報酬：\nゴールド - 3グローリーポイントとエンカウンターアクション\nシルバー - 2グローリーポイントと
エンカウンターアクション\nブロンズ - 1グローリーポイントとエンカウンターアクション\n自分のチャンピオンとエンカウンタートークンが同じ浮遊
島に配置されていなくてもここでエンカウンターが行えます。また、経験ポイントの消費も不要です。エンカウンター関連の他ルールはそのまま該当し
ます。\n挙動： ウトコロが攻撃するときに、バトルに参加しないプレイヤーが5グローリーポイントを失うことになります。"
ev11;Poker;Event;;;Cannibarok the Qoam Eater:\nStrength 12\nRewards:\nGold - Gain 6 Energy Points and 6 Glory Points.\nSilver - Gain 4 Energy Points and 4 Glory Points.\nBronze - Gain 2 Energy Points and 2 Glory Points.\nBehaviour: When Cannibarok attacks an Island that has a Crystal Field region, it is reinvigorated by the erupting energies and gains +2 Strength until the end of this attack.;Cannibarok der Qoamfresser:\nStärke 12\nBelohnungen:\nGold - Erhalte 6 Energiepunkte und 6 Ruhmespunkte.\nSilber - Erhalte 4 Energiepunkte und 4 Ruhmespunkte.\nBronze - Erhalte 2 Energiepunkte und 2 Ruhmespunkte.\nVerhalten: Wenn Cannibarok eine Insel angreift, auf der sich eine Kristallregion befindet, frisst er sich an den Kristallen satt und erhält 2 Stärkepunkte bis zum Ende des Angriffs.;Cannibarok il Mangia-Qoam:\nForza 12\nRicompense:\nOro - Ottieni 6 Punti Energia e 6 Punti Gloria.\nArgento - Ottieni 4 Punti Energia e 4 Punti Gloria.\nBronzo - Ottieni 2 Punti Energia e 2 Punti Gloria.\nComportamento: quando Cannibarok attacca un’Isola che ha una regione Campo di Cristallo, è rinvigorito dalle dirompenti energie e ottiene +2 alla Forza fino alla fine del suo attacco.;"カンニバローク\nバトルポイント：12\n報酬：\nゴールド - 6エネルギーポイントと6グローリーポイント\nシルバー - 4エネルギーポイント
と4グローリーポイント\nブロンズ - 2エネルギーポイントと2グローリーポイント\n挙動： カンニバロークがクリスタルフィールドのない浮遊島で攻撃
するときに、バトルの終了まで＋2バトルポイントになります。"
ev12;Poker;Event;;;Obsidusa The Devourer:\nStrength 14\nRewards:\nGold - Gain 7 Glory Points and draw 1 Command card.\nSilver - Gain 5 Glory Points and draw 1 Command card.\nBronze - Gain 3 Glory Points and draw 1 Command card.\nCommand cards are drawn from the Era Deck of the current Era.\nBehaviour: When Obsidusa attacks but is not defeated, he does not move to the next Island, but remains instead on the attacked Island to feast on the fallen enemies.;ObsiDusa der Verschlinger:\nStärke 14\nBelohnungen:\nGold - Erhalte 7 Ruhmespunkte und ziehe 1 Befehlskarte..\nSilber - Erhalte 5 Ruhmespunkte und ziehe 1 Befehlskarte.\nBronze - Erhalte 3 Ruhmespunkte und ziehe 1 Befehlskarte.\nDie Befehlskarten werden vom aktuellen Ärastapel gezogen.\nVerhalten: Wenn ObsiDusa angreift aber nicht besiegt wird, bewegt er sich nicht auf die nächste Insel sondern verbleibt, um die Körper der Gefallenen zu verschlingen.;Obsidusa il Divoratore:\nForza 14\nRicompense:\nOro - Ottieni 7 Punti Gloria e pesca 1 carta Comando.\nArgento - Ottieni 5 Punti Gloria e pesca 1 carta Comando.\nBronzo - Ottieni 3 Punti Gloria e pesca 1 carta Comando.\nLe carte Comando vengono pescate dal Mazzo Era dell’Era attuale.\nComportamento: quando Obsidusa attacca, e non viene sconfitto, non si sposta verso l’Isola successiva ma rimane sull’Isola attaccata per banchettare con la carne dei nemici caduti.;"オブシデューサ\nバトルポイント：14\n報酬：\nゴールド - 7グローリーポイントとコマンドカード1枚\nシルバー - 5グローリーポイントと
コマンドカード1枚\nブロンズ - 3グローリーポイントとコマンドカード1枚\nコマンドカードは現在のコマンドデッキから引きます。\n挙動： オブシデ
ューサが攻撃して倒されなかった場合、バトル終了後に次の浮遊島には移動しません。"
ev13;Poker;Event;;;Kodror the Infestation:\nStrength 16\nRewards:\nGold - Gain 16 Glory Points.\nSilver - Gain 12 Glory Points.\nBronze - Gain 8 Glory Points.\nBehaviour: When Kodror moves, the Island it is currently located on gets moved along with it, grappled by its infested roots (swap the Island with the next one clockwise). When Kodror attacks and is defeated, remove its miniature from the game and flip its 8 Card face down to show that Kodror is no longer in play. At the end of the current Era, remove Kodror’s 8 Card from the game.;Kodror der Parasit:\nStärke 16\nBelohnungen:\nGold - Erhalte 16 Ruhmespunkte.\nSilber - Erhalte 12 Ruhmespunkte.\nBronze - Erhalte 8 Ruhmespunkte.\nVerhalten: Wenn Kodror sich bewegt zieht er die Insel mit seinen infizierten Wurzeln mit sich (tausche die Insel mit der nächsten Insel im Uhrzeigersinn). Wenn Kodror angreift und besiegt wird, entferne seine Figur aus dem Spiel und drehe seine Ereigniskarte um, um anzuzeigen, dass er nicht mehr im Spiel ist. Entferne seine Ereigniskarte am Ende der aktuellen Ära aus dem Spiel.;Kodror l'Infestazione:\nForza 16\nRicompense:\nOro - Ottieni 16 Punti Gloria.\nArgento - Ottieni 12 Punti Gloria.\nBronzo - Ottieni 8 Punti Gloria.\nComportamento: quando Kodror si sposta, si muove anche l’Isola sulla quale è posizionato, attanagliata dalle sue radici infestanti (scambia l’Isola con quella vicina in senso orario). Quando Kodror attacca e viene sconfitto, rimuovi la sua miniatura dal gioco e gira la sua Carta Eventi a faccia in giù per mostrare che Kodror non è più in gioco. Alla fine dell’Era attuale, rimuovi la Carta Evento di Kodror dal gioco.;"コドロール\nバトルポイント：16\n報酬：\nゴールド - 16グローリーポイント\nシルバー - 12グローリーポイント\nブロンズ - 8グローリ
ーポイント\n挙動： コドロールが移動する時に、移動元の浮遊島も同時に移動します。（移動元の浮遊島と移動先の浮遊島を入れ替えます）コドロール
が攻撃して倒された場合、コドロールのミニチュアをゲームボードから外して該当のモンスターカードをひっくり返します。現在の時代が終了したらコ
ドロールのモンスターカードをゲームから削除します。（コドロールが二度と登場しないことになります)"
